"PMID","Title","Authors","First_Author","Journal","Year","Species","Species_notes","Duration","Burden","Diversity","SPT_Control_mean","SPT_Control_SEM","SPT_Control_n","SPT_Control_n_used","SPT_Control_back_calculated_SD","SPT_Test_mean","SPT_Test_SEM","SPT_Test_n","SPT_Test_n_used","SPT_Test_back_calculated_SD","SPT_Effect_size","TST_Control_mean","TST_Control_SEM","TST_Control_n","TST_Control_n_used","TST_Control_back_calculated_SD","TST_Test_mean","TST_Test_SEM","TST_Test_n","TST_Test_n_used","TST_Test_back_calculated_SD","TST_Effect_size","FST_Control_mean","FST_Control_SEM","FST_Control_n","FST_Control_n_used","FST_Control_back_calculated_SD","FST_Test_mean","FST_Test_SEM","FST_Test_n","FST_Test_n_used","FST_Test_back_calculated_SD","FST_Effect_size","OFT_Control_mean","OFT_Control_SEM","OFT_Control_n","OFT_Control_n_used","OFT_Control_back_calculated_SD","OFT_Test_mean","OFT_Test_SEM","OFT_Test_n","OFT_Test_n_used","OFT_Test_back_calculated_SD","OFT_Effect_size","EPM_Control_mean","EPM_Control_SEM","EPM_Control_n","EPM_Control_n_used","EPM_Control_back_calculated_SD","EPM_Test_mean","EPM_Test_SEM","EPM_Test_n","EPM_Test_n_used","EPM_Test_back_calculated_SD","EPM_Effect_size","FST_Cohen_d","SPT_Cohen_d","TST_Cohen_d","EPM_Cohen_d","OFT_Cohen_d"
30458370,"Chronic histamine 3 receptor antagonism alleviates depression like conditions in mice via modulation of brain-derived neurotrophic factor and hypothalamus-pituitary adrenal axis","Kumar A, Dogra S, Sona C, Umrao D, Rashid M, Singh SK, Wahajuddin M, Yadav PN.","Kumar A","Psychoneuroendocrinology",2019,"mouse",NA,21,42,7,80.5,"6.2","5-7",5,13.9,36.5,"13.2","5-7",5,29.5,2,115,27.9,"4-5",4,55.8,220,16.6,"4-5",4,33.2,2.28,78.5,"6.4","13-19",13,23.1,148.4,"12","13-19",13,43.3,2,NA,NA,NA,NA,NA,NA,NA,NA,NA,NA,NA,NA,NA,NA,NA,NA,NA,NA,NA,NA,NA,NA,2.01427539745451,-1.90812619936104,2.28696846703359,NA,NA
30502341,"SMIP004: A compound with antidepressant-like activities in mouse models","Wang D, Xu X, Wu Y, Lin Y, Gao M, Hu P, Chen D, Lu X, Chen Z, Wang H, Huang C.","Wang D","Eur J Pharmacol",2019,"mouse",NA,35,70,9,73.5,"3.45","10",10,10.9,56.68,"2.45","10",10,7.7,1.77,117,6.33,"10",10,20,138,5.9,"10",10,18.7,1.08,89.1,"4.6","10",10,14.5,133.6,"6","10",10,19,2.63,NA,NA,NA,NA,NA,NA,NA,NA,NA,NA,NA,NA,NA,NA,NA,NA,NA,NA,NA,NA,NA,NA,2.63306695233759,-1.78241582586821,1.08465952307447,NA,NA
30856395,"Two-hit model of postintensive care syndrome induced by lipopolysaccharide challenge and subsequent chronic unpredictable stress in mice","Mao M, Li S, Zong M, Qiu L, Yang J, Xia J, Yang J, Ji M.","Mao M","Int Immunopharmacol",2019,"mouse",NA,21,84,9,NA,NA,NA,NA,NA,NA,NA,NA,NA,NA,NA,NA,NA,NA,NA,NA,NA,NA,NA,NA,NA,NA,121,"11","14-15",14,41.2,147,"8.5","14-15",14,31.8,0.71,"21","2","14-15",14,7.48331477354788,"14.9","1.6","14-15",14,5.98665181883831,0.85,"85.2","11","14-15",14,41.1582312545134,"39.8","8.8","14-15",14,32.9,1.21,0.706495655031116,NA,NA,-1.21850986821018,-0.900179037553957
30954529,"Identification of a microglial activation-dependent antidepressant effect of amphotericin B liposome","Gao M, Hu P, Cai Z, Wu Y, Wang D, Hu W, Xu X, Zhang Y, Lu X, Chen D, Chen Z, Ma K, Wen J, Wang H, Huang C.","Gao M","Neuropharmacology",2019,"mouse",NA,35,70,9,80.77,"2.3","8",8,6.5,57.7,"2.9","8",8,8.2,3.06,104,7.4,"10",10,23.4,148,2.5,"10",10,7.9,2.56,61.8,"4.8","10-12",10,15.2,100.2,"4","10-12",10,12.6,2.71,NA,NA,NA,NA,NA,NA,NA,NA,NA,NA,NA,NA,NA,NA,NA,NA,NA,NA,NA,NA,NA,NA,2.75058648534093,-3.11799464137047,2.51949462652868,NA,NA
31439031,"Gut microbiota from NLRP3-deficient mice ameliorates depressive-like behaviors by regulating astrocyte dysfunction via circHIPK2","Zhang Y, Huang R, Cheng M, Wang L, Chao J, Li J, Zheng P, Xie P, Zhang Z, Yao H.","Zhang Y","Microbiome",2019,"mouse",NA,28,NA,9,86.5,"1.7","6-13",6,4.2,58,"7.1","6-13",6,17.4,2.35,91.6,11,"6-13",6,26.9,127.3,7.3,"6-13",6,17.9,1.52,99.6,"6.4","6-13",6,15.7,140.2,"10.1","6-13",6,24.7,1.91,NA,NA,NA,NA,NA,NA,NA,NA,NA,NA,NA,NA,NA,NA,NA,NA,NA,NA,NA,NA,NA,NA,1.96181055322833,-2.25171594991489,1.56253158432475,NA,NA
31790664,"Selective activation of estrogen receptors α and β: Implications for depressive-like phenotypes in female mice exposed to chronic unpredictable stress","Eid RS, Lieblich SE, Duarte-Guterman P, Chaiton JA, Mah AG, Wong SJ, Wen Y, Galea LAM.","Eid RS","Horm Behav",2020,"mouse",NA,28,56,11,82.2,"6.5","10-14",10,20.6,90.9,"2.3","10-14",10,7.3,0.57,44.4,1.6,"10-14",10,5.1,50.25,1.04,"10-14",10,3.3,1.45,47.75,"3.49","10-14",10,11,41.92,"3.49","10-14",10,11,0.56,NA,NA,NA,NA,NA,NA,NA,NA,NA,NA,NA,NA,NA,NA,NA,NA,NA,NA,NA,NA,NA,NA,-0.53,0.562962361006467,1.36193907675068,NA,NA
31821847,"Gastrointestinal (non-systemic) antibiotic rifaximin differentially affects chronic stress-induced changes in colon microbiome and gut permeability without effect on behavior","Kuti D, Winkler Z, Horváth K, Juhász B, Paholcsek M, Stágel A, Gulyás G, Czeglédi L, Ferenczi S, Kovács KJ.","Kuti D","Brain Behav Immun",2020,"mouse",NA,28,56,12,NA,NA,NA,NA,NA,NA,NA,NA,NA,NA,NA,NA,NA,NA,NA,NA,NA,NA,NA,NA,NA,NA,NA,NA,NA,NA,NA,NA,NA,NA,NA,NA,NA,"21.6","2.7","5-7",5,6.03738353924943,"15","2","5-7",5,4.47213595499958,1.27,"23.6","2.5","5-7",5,5.59016994374947,"14.3","2","5-7",5,4.5,1.81,NA,NA,NA,-1.83271245738559,-1.24230135879994
32201112,"Antidepressive properties of microglial stimulation in a mouse model of depression induced by chronic unpredictable stress","Cai Z, Ye T, Xu X, Gao M, Zhang Y, Wang D, Gu Y, Zhu H, Tong L, Lu J, Chen Z, Huang C.","Cai Z","Prog Neuropsychopharmacol Biol Psychiatry",2020,"mouse",NA,35,70,9,79.5,"1.5","10",10,4.7,60.8,"1.5","10",10,4.7,3.8,122.1,4.3,"10",10,13.6,148,4.7,"10",10,14.9,1.79,80.9,"3.4","10",10,10.8,98.1,"2.8","10",10,8.9,1.69,NA,NA,NA,NA,NA,NA,NA,NA,NA,NA,NA,NA,NA,NA,NA,NA,NA,NA,NA,NA,NA,NA,1.73812760377815,-3.97872340425532,1.81565597773402,NA,NA
32265492,"Downregulation of hippocampal SIRT6 activates AKT/CRMP2 signaling and ameliorates chronic stress-induced depression-like behavior in mice","Li W, Liu X, Qiao H.","Li W","Acta Pharmacol Sin",2020,"mouse",NA,21,42,9,68.9,"3.7","12",12,12.8,59.3,"2.7","12",12,9.4,0.89,173,6.3,"12",12,21.8,200,12,"12",12,41.6,0.8,145,"8.5","12",12,29.4,172,"8.3","12",12,28.8,0.93,NA,NA,NA,NA,NA,NA,NA,NA,NA,NA,NA,NA,NA,NA,NA,NA,NA,NA,NA,NA,NA,NA,0.927785749755579,-0.854896796642957,0.813009641247424,NA,NA
32387133,"N(6)-Methyladenosine Modification of Fatty Acid Amide Hydrolase Messenger RNA in Circular RNA STAG1-Regulated Astrocyte Dysfunction and Depressive-like Behaviors","Huang R, Zhang Y, Bai Y, Han B, Ju M, Chen B, Yang L, Wang Y, Zhang H, Zhang H, Xie C, Zhang Z, Yao H.","Huang R","Biol Psychiatry",2020,"mouse",NA,28,NA,9,89.9,"1.8","11",11,6,74.4,"3.1","16",16,12.4,1.67,72.4,7.5,"12",12,26,138.4,10.3,"16",16,41.2,1.92,107,"9.1","12",12,31.5,149,"9.7","16",16,38.8,1.18,NA,NA,NA,NA,NA,NA,NA,NA,NA,NA,NA,NA,NA,NA,NA,NA,NA,NA,NA,NA,NA,NA,1.17013837256648,-1.5008560913361,1.85544677878228,NA,NA
32453814,"Farnesoid X Receptor-Mediated Cytoplasmic Translocation of CRTC2 Disrupts CREB-BDNF Signaling in Hippocampal CA1 and Leads to the Development of Depression-Like Behaviors in Mice","Hu W, Wu J, Ye T, Chen Z, Tao J, Tong L, Ma K, Wen J, Wang H, Huang C.","Hu W","Int J Neuropsychopharmacol",2020,"mouse",NA,35,70,9,76.9,"3.6","9-10",9,10.8,56.2,"4.9","9-10",9,14.7,1.6,127.3,3.8,"9-10",10,12,158.8,9.7,"9-10",9,29.1,1.44,102.7,"5.2","9-10",9,15.6,129.6,"4.8","9-10",9,14.4,1.8,NA,NA,NA,NA,NA,NA,NA,NA,NA,NA,NA,NA,NA,NA,NA,NA,NA,NA,NA,NA,NA,NA,1.79190038597441,-1.60486816883169,1.44572380365066,NA,NA
32488052,"Impaired mitochondrial complex I function as a candidate driver in the biological stress response and a concomitant stress-induced brain metabolic reprogramming in male mice","Emmerzaal TL, Preston G, Geenen B, Verweij V, Wiesmann M, Vasileiou E, Grüter F, de Groot C, Schoorl J, de Veer R, Roelofs M, Arts M, Hendriksen Y, Klimars E, Donti TR, Graham BH, Morava E, Rodenburg RJ, Kozicz T.","Emmerzaal TL","Transl Psychiatry",2020,"mouse",NA,21,21,8,54.07,"3.18","11",11,10.5,46.38,"4.98","11",11,16.5,0.56,55,6.6,"20",20,29.5,42,13.5,"20",20,60.4,0.27,72.8,"7.7","22",22,36.1,78.9,"12","12",12,41.6,0.15,"52.8","7.9","12",12,27.3664027595883,"32.8","3.1","12",12,10.738715006927,0.97,"0.14","0.04","15",15,0.154919333848297,"0.15","0.03","15",15,0.1,0.06,0.160187685814736,-0.556065073541822,-0.273505164917672,0.0766964988847368,-0.962116830590181
33171149,"Pre-adolescent stress disrupts adult, but not adolescent, safety learning","Meyer HC, Gerhard DM, Amelio PA, Lee FS.","Meyer HC","Behav Brain Res",2021,"mouse",NA,7,19,13,NA,NA,NA,NA,NA,NA,NA,NA,NA,NA,NA,NA,NA,NA,NA,NA,NA,NA,NA,NA,NA,NA,NA,NA,NA,NA,NA,NA,NA,NA,NA,NA,NA,"163","14","9",9,42,"160","20","10",10,63.2455532033676,0.06,"13","4","9",9,12,"23","7","10",10,22.1,0.56,NA,NA,NA,0.553564674670879,-0.0552554152960615
33727046,"The GABA(B1) receptor within the infralimbic cortex is implicated in stress resilience and vulnerability in mice","Zou HW, Li ZL, Jing XY, Wang Y, Liu YJ, Li LF.","Zou HW","Behav Brain Res",2021,"mouse","Susceptible strain",21,21,7,NA,NA,NA,NA,NA,NA,NA,NA,NA,NA,NA,NA,NA,NA,NA,NA,NA,NA,NA,NA,NA,NA,NA,NA,NA,NA,NA,NA,NA,NA,NA,NA,NA,"17","4.7","14",14,17.5857897178375,"8.2","2.3","18",18,9.75807358037435,0.66,"23.7","6.5","14",14,24.3207730140306,"8.4","3.2","18",18,13.6,0.81,NA,NA,NA,-0.80512117766665,-0.641856038419463
33951503,"Repeated Neonatal Isoflurane Exposure is Associated with Higher Susceptibility to Chronic Variable Stress-induced Behavioural and Neuro-inflammatory Alterations","Peng L, Zhu M, Yang Y, Lu F, Liu X, Guo Q, Zhong T.","Peng L","Neuroscience",2021,"mouse",NA,21,42,7,77.1,NA,"12",12,6.8,74,NA,"12",12,8.3,0.4,52.7,NA,"12",12,8.4,50.3,NA,"12",12,9,0.35,34.3,NA,"12",12,7,38,"SD given","12",12,8.3,0.53,"8",NA,"12",12,1.5,"7.8",NA,"12",12,1.52,0,"89.1",NA,"12",12,18.3,"85.6",NA,"12",12,17.6,0.16,0.481923648431963,-0.408585019375218,-0.275698206718232,-0.194949016557798,-0.132447426736228
34295228,"Latent Sex Differences in CaMKII-nNOS Signaling That Underlie Antidepressant-Like Effects of Yueju-Ganmaidazao Decoction in the Hippocampus","Yin Y, Qian S, Chen Y, Sun Y, Li Y, Yu Y, Li J, Wu Z, Yu X, Ge R, Han J, Sun D, Wu H, Liu L, Xue W, Wang W.","Yin Y","Front Behav Neurosci",2021,"mouse","Males",21,NA,7,91,"2","10",10,6.3,67.3,"5.8","11",11,19.2,1.7,95.4,7.5,"8",8,21.2,159,7.5,"8",8,21.2,3.05,96.7,"3.7","9",9,11.1,125.5,"7","7",7,18.5,1.87,NA,NA,NA,NA,NA,NA,NA,NA,NA,NA,NA,NA,NA,NA,NA,NA,NA,NA,NA,NA,NA,NA,1.95469181448878,-1.62457780475149,3,NA,NA
34295228,"Latent Sex Differences in CaMKII-nNOS Signaling That Underlie Antidepressant-Like Effects of Yueju-Ganmaidazao Decoction in the Hippocampus","Yin Y, Qian S, Chen Y, Sun Y, Li Y, Yu Y, Li J, Wu Z, Yu X, Ge R, Han J, Sun D, Wu H, Liu L, Xue W, Wang W.","Yin Y","Front Behav Neurosci",2021,"mouse","Females",21,NA,7,89.6,"2.5","9",9,7.5,59.3,"7.5","11",11,24.9,1.67,98,7,"9",9,21,126.8,8.8,"8",8,24.9,1.26,103.7,"7.8","8",8,22.1,157.6,"11.5","9",9,34.5,1.85,NA,NA,NA,NA,NA,NA,NA,NA,NA,NA,NA,NA,NA,NA,NA,NA,NA,NA,NA,NA,NA,NA,1.83507009351205,-1.5763940720524,1.25748846446215,NA,NA
35029057,"Extracellular vesicle-mediated delivery of circDYM alleviates CUS-induced depressive-like behaviours","Yu X, Bai Y, Han B, Ju M, Tang T, Shen L, Li M, Yang L, Zhang Z, Hu G, Chao J, Zhang Y, Yao H.","Yu X","J Extracell Vesicles",2022,"mouse",NA,28,56,8,88.32,"4.12","6",6,10.1,54.64,"3.8","6",6,9.3,3.47,93.8,11.4,"6",6,27.9,165.7,10,"6",6,24.5,2.76,86.2,"8.7","6",6,21.3,166.5,"6.6","6",6,16.2,4.34,NA,NA,NA,NA,NA,NA,NA,NA,NA,NA,NA,NA,NA,NA,NA,NA,NA,NA,NA,NA,NA,NA,4.24360164764964,-3.46921650087934,2.73851611285034,NA,NA
35184325,"Sex-specific contribution of glucocorticoid receptor alpha isoforms to anxiety and depressive-like behavior in mice","Aleksic M, Brkic Z, Petrovic Z, Francija E, Lukic I, Adzic M.","Aleksic M","J Neurosci Res",2022,"mouse","Males",11,33,10,NA,NA,NA,NA,NA,NA,NA,NA,NA,NA,NA,NA,NA,NA,NA,NA,NA,NA,NA,NA,NA,NA,101.3,NA,"10",10,41.6,137,"SD given","10",10,27.9,1.03,"23",NA,"14-15",14,8.8,"15.6",NA,"14-15",14,6.6,1,"74.4",NA,"14",14,42.5,"44.8",NA,"16",16,18.9,0.92,1.00794185494145,NA,NA,-0.922311484353715,-0.951380032869173
35184325,"Sex-specific contribution of glucocorticoid receptor alpha isoforms to anxiety and depressive-like behavior in mice","Aleksic M, Brkic Z, Petrovic Z, Francija E, Lukic I, Adzic M.","Aleksic M","J Neurosci Res",2022,"mouse","Females",11,33,10,NA,NA,NA,NA,NA,NA,NA,NA,NA,NA,NA,NA,NA,NA,NA,NA,NA,NA,NA,NA,NA,NA,105.2,NA,"9",9,24,144.6,"SD given","8-9",8,30.5,1.41,"17.8",NA,"14-15",14,5.4,"11.1",NA,"14-15",14,4.5,1.4,"96.5",NA,"15",15,29.6,"66.5",NA,"16",16,30,1,1.44708599260931,NA,NA,-1.00645585296271,-1.34797666329972
35377087,"Gossypetin- based therapeutics for cognitive dysfunction in chronic unpredictable stress- exposed mice","Samant NP, Gupta GL.","Samant NP","Metab Brain Dis",2022,"mouse",NA,35,35,10,74.6,NA,"12",12,11,39.6,NA,"12",12,10.1,3.33,67.1,NA,"12",12,23,145.6,NA,"12",12,28,3.08,82.3,NA,"12",12,27,146,NA,"12",12,38,1.94,NA,NA,NA,NA,NA,NA,NA,NA,NA,NA,NA,NA,NA,NA,NA,NA,NA,NA,NA,NA,NA,NA,1.93252253549786,-3.31452175087459,3.06374271458504,NA,NA
35664490,"Sirtuin Type 1 Mediates the Antidepressant Effect of S-Ketamine in a Chronic Unpredictable Stress Model","Hou L, Miao J, Meng H, Liu X, Wang D, Tan Y, Li C.","Hou L","Front Psychiatry",2022,"mouse",NA,21,21,8,NA,NA,NA,NA,NA,NA,NA,NA,NA,NA,NA,NA,NA,NA,NA,NA,NA,NA,NA,NA,NA,NA,36.7,"7.9","7-9",7,20.9,81,"12.8","7-9",7,33.9,1.56,"17.1","3","5-8",5,6.70820393249937,"9.8","1.9","5-8",5,4.2485291572496,1.22,"21.8","5.6","5-7",5,12.5219806739988,"11.9","3.5","5-7",5,7.8,0.98,1.5731292068498,NA,NA,-0.949031950505523,-1.3001555448945
35724494,"Gonadal hormone trigger the dynamic microglial alterations through Traf6/TAK1 axis that correlate with depressive behaviors","Peng R, Dai W, Li D, Li Y.","Peng R","J Psychiatr Res",2022,"mouse",NA,30,60,7,82.45,"5.5","6",6,13.5,39.1,"3.6","6",6,8.8,3.85,49.8,14.6,"6",6,35.8,115,29,"6",6,71,1.87,31.4,"7.7","6",6,18.9,94.3,"13.5","6",6,33.1,2.34,NA,NA,NA,NA,NA,NA,NA,NA,NA,NA,NA,NA,NA,NA,NA,NA,NA,NA,NA,NA,NA,NA,2.33377905764736,-3.80431514723197,1.15961377662608,NA,NA
35880047,"The metabolic stress response: Adaptation to acute-, repeated- and chronic challenges in mice","Kuti D, Winkler Z, Horváth K, Juhász B, Szilvásy-Szabó A, Fekete C, Ferenczi S, Kovács KJ.","Kuti D","iScience",2022,"mouse",NA,21,42,12,NA,NA,NA,NA,NA,NA,NA,NA,NA,NA,NA,NA,NA,NA,NA,NA,NA,NA,NA,NA,NA,NA,NA,NA,NA,NA,NA,NA,NA,NA,NA,NA,NA,"27.8","3","8",8,8.48528137423857,"18.2","2.8","8",8,7.91959594928933,1.17,"24.6","2.9","8",8,8.20243866176395,"15.1","2.3","8",8,6.5,1.33,NA,NA,NA,-1.28372517823794,-1.16968842918859
35973368,"Innate immune stimulation prevents chronic stress-induced depressive and anxiogenic-like behaviors in female mice","Hu Z, Gu Y, Ye M, Ma Y, Wang Y, Pan S, Huang C, Lu X.","Hu Z","Int Immunopharmacol",2022,"mouse",NA,35,NA,NA,76.2,"2.7","10",10,8.5,58.1,"3.2","10",10,10.1,1.89,129.7,6.5,"10",10,20.6,160,6.5,"10",10,20.6,1.42,123.1,"6.4","10",10,20.2,152.4,"4.6","10",10,14.5,1.64,NA,NA,NA,NA,NA,NA,NA,NA,NA,NA,NA,NA,NA,NA,NA,NA,NA,NA,NA,NA,NA,NA,1.66642781879854,-1.9390754942817,1.47087378640777,NA,NA
36195262,"Swimming exercise ameliorates depressive-like behavior by anti-inflammation activity, rebalancing gut Escherichia coli and Lactobacilli","Ding Z, Du L.","Ding Z","Brain Res",2022,"mouse",NA,35,NA,9,82.4,NA,"12",12,10.3,78.5,NA,"12",12,11.1,0.29,114.2,NA,"12",12,13.3,142.9,NA,"12",12,25.7,1.41,107.3,NA,"12",12,13.3,163.4,NA,"12",12,20.8,3.21,NA,NA,NA,NA,NA,NA,NA,NA,NA,NA,NA,NA,NA,NA,NA,NA,NA,NA,NA,NA,NA,NA,3.21351488749893,-0.36423156300235,1.4026057099953,NA,NA
36573299,"MAD2B Blunts Chronic Unpredictable Stress and Corticosterone Stimulation-Induced Depression-Like Behaviors in Mice","Wang XL, Miao C, Su Y, Zhang C, Meng X.","Wang XL","Int J Neuropsychopharmacol",2023,"mouse",NA,35,NA,12,95.8,"3.1","8",8,8.8,63.9,"7.8","7",7,20.6,1.98,132.8,19,"7",7,50.3,179.9,8.4,"8",8,23.8,1.2,125.5,"19.7","8",8,55.7,201.4,"9.4","8",8,26.6,1.71,NA,NA,NA,NA,NA,NA,NA,NA,NA,NA,NA,NA,NA,NA,NA,NA,NA,NA,NA,NA,NA,NA,1.73896738294768,-2.06969731998363,1.22732015393002,NA,NA
36610138,"Formononetin improves cardiac function and depressive behaviours in myocardial infarction with depression by targeting GSK-3β to regulate macrophage/microglial polarization","Yang Y, Huang T, Zhang H, Li X, Shi S, Tian X, Huang Z, Zhang R, Liu Z, Cheng Y.","Yang Y","Phytomedicine",2023,"mouse",NA,10,NA,4,68.7,"3.2","8",8,9.1,42.6,"2.95","8",8,8.3,3.05,71.5,13.9,"8",8,39.3,207.7,8.5,"8",8,24,4.2,76,"10.9","8",8,30.8,145.3,"15.2","8",8,43,1.84,NA,NA,NA,NA,NA,NA,NA,NA,NA,NA,NA,NA,NA,NA,NA,NA,NA,NA,NA,NA,NA,NA,1.85290143666747,-2.99683418985819,4.18286637627465,NA,NA
36704356,"Transcriptome-wide analysis reveals the molecular mechanisms of cannabinoid type II receptor agonists in cardiac injury induced by chronic psychological stress","Qin C, Wang Y, Zhang Y, Zhu Y, Wang Y, Cao F.","Qin C","Front Genet",2023,"mouse",NA,21,50,12,NA,NA,NA,NA,NA,NA,NA,NA,NA,NA,NA,NA,NA,NA,NA,NA,NA,NA,NA,NA,NA,NA,120,NA,"3",3,11,180,"SD given","4",4,9.4,5.97,"287",NA,"3",3,76,"66",NA,"4",4,41,3.6,"72",NA,"3",3,9.9,"16.9",NA,"4",4,13.3,4.74,5.95796587930375,NA,NA,-4.57048206502096,-3.8360887608368
36736870,"Impaired Endogenous Neurosteroid Signaling Contributes to Behavioral Deficits Associated With Chronic Stress","Walton NL, Antonoudiou P, Barros L, Dargan T, DiLeo A, Evans-Strong A, Gabby J, Howard S, Paracha R, Sánchez EJ, Weiss GL, Kong D, Maguire JL.","Walton NL","Biol Psychiatry",2023,"mouse",NA,21,15,9,NA,NA,NA,NA,NA,NA,NA,NA,NA,NA,NA,NA,NA,NA,NA,NA,NA,NA,NA,NA,NA,NA,155,"18","10",10,56.9,220,"5.5","15",15,21.3,1.51,"56.8","7.7","14",14,28.8107618781593,"39","2.8","15",15,10.8443533693808,0.82,"95","16","9",9,48,"97","17","10",10,53.8,0.04,1.65471558446391,NA,NA,0.039098716298786,-0.829355873132459
36909192,"Cuscutae semen alleviates CUS-induced depression-like behaviors in mice via the gut microbiota-neuroinflammation axis","Hou L, Yang L, Zhu C, Miao J, Zhou W, Tang Y, Meng H, Liu S.","Hou L","Front Pharmacol",2023,"mouse",NA,21,21,8,76.1,"10.8","7",7,28.6,54.9,"18.1","6",6,44.3,0.56,48.8,16.4,"7",7,43.4,69.9,12.7,"7",7,33.6,0.54,39.7,"11.7","8",8,33.1,77.8,"15.2","8",8,43,0.99,"69.4","19","8",8,53.7401153701776,"40","19.5","7",7,51.5921505657595,0.63,"71.7","21.8","8",8,61.659711319467,"44.1","12","8",8,33.9,1.64,0.992947032422749,-0.579529036596234,0.543666387983594,-0.554717561389269,-0.557244405099072
36921537,"Prophylactic effect of Tongxieyaofang polysaccharide on depressive behavior in adolescent male mice with chronic unpredictable stress through the microbiome-gut-brain axis","Chen H, Kan Q, Zhao L, Ye G, He X, Tang H, Shi F, Zou Y, Liang X, Song X, Liu R, Luo J, Li Y.","Chen H","Biomed Pharmacother",2023,"mouse",NA,28,56,11,79.2,NA,"10",10,5.3,55.9,NA,"10",10,8.6,3.16,106.5,NA,"10",10,21.4,126.3,NA,"10",10,42.5,0.56,80.3,NA,"10",10,36,137.3,NA,"10",10,44,1.42,NA,NA,NA,NA,NA,NA,NA,NA,NA,NA,NA,NA,NA,NA,NA,NA,NA,NA,NA,NA,NA,NA,1.41792799604923,-3.26185321990758,0.588466623968681,NA,NA
36936941,"The colonic interleukin-19 aggravates the dextran sodium sulfate/stress-induced comorbidities due to colitis and anxiety","Li Q, Meng F, Ma X, Sun Z, Dai J, Liu J, Li D, Cong P, Xu R, Zhao D, Wang W, Wang D, Liu C, Wang F, Li C, Lian H.","Li Q","Front Immunol",2023,"mouse",NA,NA,NA,NA,NA,NA,NA,NA,NA,NA,NA,NA,NA,NA,NA,NA,NA,NA,NA,NA,NA,NA,NA,NA,NA,NA,NA,NA,NA,NA,NA,NA,NA,NA,NA,NA,NA,"8","2.2","7",7,5.8206528843421,"2.7","1.3","11",11,4.31161222746202,0.98,"22.6","3.9","7",7,16.8,"2.1","1.4","11",11,16.8,1.23,NA,NA,NA,-1.2202380952381,-1.07463406707975
37091920,"Electroacupuncture treatment ameliorates depressive-like behavior and cognitive dysfunction via CB1R dependent mitochondria biogenesis after experimental global cerebral ischemic stroke","Hu G, Zhou C, Wang J, Ma X, Ma H, Yu H, Peng Z, Huang J, Cai M.","Hu G","Front Cell Neurosci",2023,"mouse",NA,14,14,NA,NA,NA,NA,NA,NA,NA,NA,NA,NA,NA,NA,NA,NA,NA,NA,NA,NA,NA,NA,NA,NA,NA,76,"9.3","8",8,26.3,131,"14","8",8,39.6,1.63,"98.9","10","8",8,28.2842712474619,"62.8","7.7","8",8,21.7788888605457,1.45,"40.7","3.3","8",8,9.33380951166243,"23.5","3.5","8",8,9.9,1.79,1.63620562235916,NA,NA,-1.78774282694009,-1.43015447744914
37239235,"AI Machine Learning Technique Characterizes Potential Markers of Depression in Two Animal Models of Depression","Zhang J, Zhang R, Peng Y, Aa J, Wang G.","Zhang J","Brain Sci",2023,"mouse","at 28-33 days CVS",33,NA,11,84.8,"1.9","6",6,4.7,37.4,"12.2","12",12,42.3,1.6,62.9,12.9,"12",12,44.7,131.5,9.7,"12",12,33.6,1.73,104,"10.5","12",12,36.4,183.1,"8.9","12",12,30.8,2.32,NA,NA,NA,NA,NA,NA,NA,NA,NA,NA,NA,NA,NA,NA,NA,NA,NA,NA,NA,NA,NA,NA,2.34603480586815,-1.34767902836691,1.73488902959125,NA,NA
37270930,"Intranasal administration of lipopolysaccharide reverses chronic stress-induced depression-like behavior in mice by microglial stimulation","Huang C, Ye T, Chen B, Chen Z, Ye Y, Liu H.","Huang C","Int Immunopharmacol",2023,"mouse",NA,35,70,9,79.7,"3.6","10",10,11.4,64.5,"3","10",10,9.5,1.49,128.8,6.1,"10",10,19.3,157.3,6.1,"10",10,19.3,1.47,110.8,"6.1","10",10,19.3,141.2,"7.4","10",10,23.4,1.42,NA,NA,NA,NA,NA,NA,NA,NA,NA,NA,NA,NA,NA,NA,NA,NA,NA,NA,NA,NA,NA,NA,1.41736879359222,-1.4485719366803,1.47668393782383,NA,NA
37308778,"Clinical and preclinical evaluation of miR-144-5p as a key target for major depressive disorder","Wu X, Zhang Y, Wang P, Li X, Song Z, Wei C, Zhang Q, Luo B, Liu Z, Yang Y, Ren Z, Liu H.","Wu X","CNS Neurosci Ther",2023,"mouse",NA,35,NA,8,82.9,"2.5","24",24,12.2,52.2,"4.1","24",24,20.1,1.88,81.6,5.5,"24",24,26.9,126,4.7,"24",24,23,1.75,102.6,"5.9","24",24,28.9,153.4,"5.9","24",24,28.9,1.72,NA,NA,NA,NA,NA,NA,NA,NA,NA,NA,NA,NA,NA,NA,NA,NA,NA,NA,NA,NA,NA,NA,1.75778546712803,-1.84650171921867,1.77414875454647,NA,NA
37358676,"Intranasal Monophosphoryl Lipid a Administration Ameliorates depression-like Behavior in Chronically Stressed Mice Through Stimulation of Microglia","Zheng M, Zhu T, Chen B, Zhao H, Lu X, Lu Q, Ni M, Cheng L, Han H, Ye T, Ye Y, Liu H, Huang C.","Zheng M","Neurochem Res",2023,"mouse",NA,35,70,9,76.8,"3.7","10",10,11.7,63.6,"2.9","10",10,9.2,1.23,121.5,6.1,"10",10,19.3,148.9,7.3,"10",10,23.1,1.28,118.2,"6.7","10",10,21.2,144.8,"4.6","10",10,14.5,1.48,NA,NA,NA,NA,NA,NA,NA,NA,NA,NA,NA,NA,NA,NA,NA,NA,NA,NA,NA,NA,NA,NA,1.46462581317049,-1.254216919897,1.28729326019956,NA,NA
37473999,"MPFC PV(+) interneurons are involved in the antidepressant effects of running exercise but not fluoxetine therapy","Qin L, Liang X, Qi Y, Luo Y, Xiao Q, Huang D, Zhou C, Jiang L, Zhou M, Zhou Y, Tang J, Tang Y.","Qin L","Neuropharmacology",2023,"mouse",NA,56,135,14,90.8,"1.4","12",12,4.8,87.3,"1.5","12",12,5.2,0.8,6.5,4.1,"10",10,13,28.7,5.7,"12",12,19.7,1.3,40.8,"9.1","12",12,31.5,82.5,"13.6","12",12,47.1,1.04,NA,NA,NA,NA,NA,NA,NA,NA,NA,NA,NA,NA,NA,NA,NA,NA,NA,NA,NA,NA,NA,NA,1.04076791225115,-0.699440671105252,1.30475528736517,NA,NA
37530136,"Zymosan A produces a rapid and sustained antidepressant effect in chronically stressed mice by stimulating hippocampal microglia","Zhu T, Chen B, Han H, Lu X, Chen Z, Ye T, Zhao H, Zheng M, Huang C.","Zhu T","Behav Pharmacol",2023,"mouse",NA,35,70,9,79.9,"3.6","10",10,11.4,63.1,"2.9","10",10,9.2,1.69,127.8,5.3,"10",10,16.8,159.7,5.1,"10",10,16.1,1.94,118.6,"4.7","10",10,14.9,152.1,"6.2","10",10,19.6,1.87,NA,NA,NA,NA,NA,NA,NA,NA,NA,NA,NA,NA,NA,NA,NA,NA,NA,NA,NA,NA,NA,NA,1.92425483042767,-1.62184527814591,1.93877094156963,NA,NA
37678448,"Microglial stimulation triggered by intranasal lipopolysaccharide administration produces antidepressant-like effect through ERK1/2-mediated BDNF synthesis in the hippocampus","Ni M, Zheng M, Chen B, Lu X, Zhao H, Zhu T, Cheng L, Han H, Ye T, Liu H, Ye Y, Huang C, Yuan X.","Ni M","Neuropharmacology",2023,"mouse",NA,35,70,9,78,"3.1","10",10,9.8,59.5,"2.8","10",10,8.9,1.89,123,6.6,"10",10,20.9,150.3,5.4,"10",10,17.1,1.41,119.8,"6.9","10",10,21.8,149.5,"7.8","10",10,24.7,1.27,NA,NA,NA,NA,NA,NA,NA,NA,NA,NA,NA,NA,NA,NA,NA,NA,NA,NA,NA,NA,NA,NA,1.27494233800089,-1.97632203535924,1.42971133119646,NA,NA
37716030,"Zuojin pill improves chronic unpredictable stress-induced depression-like behavior and gastrointestinal dysfunction in mice via the theTPH2/5-HT pathway","Wang Y, Huang Y, Zhao M, Yang L, Su K, Wu H, Wang Y, Chang Q, Liu W.","Wang Y","Phytomedicine",2023,"mouse",NA,42,42,9,72.6,NA,"7",7,10.1,35.4,NA,"7",7,10.9,3.61,75,NA,"7",7,11.6,122.3,NA,"7",7,12.8,3.76,64.1,NA,"7",7,12,107.1,NA,"7",7,13.6,3.3,NA,NA,NA,NA,NA,NA,NA,NA,NA,NA,NA,NA,NA,NA,NA,NA,NA,NA,NA,NA,NA,NA,3.35283288084095,-3.54028915691287,3.87236895025038,NA,NA
37734259,"Novel antidepressant mechanism of hypericin: Role of connexin 43-based gap junctions","Wang H, Yang X, Lai H, Sun Y, Yan X, Ai Q, Lin M, Yang S, Yang Y, Chu S, Wang Z, Chen N.","Wang H","Biomed Pharmacother",2023,"rat",NA,28,56,12,100,"1.5","12",12,5.2,70,"4.9","12",12,17,2.4,NA,NA,NA,NA,NA,NA,NA,NA,NA,NA,NA,100,"20","12",12,69.3,635,"125","12",12,433,1.7,NA,NA,NA,NA,NA,NA,NA,NA,NA,NA,NA,NA,NA,NA,NA,NA,NA,NA,NA,NA,NA,NA,1.72539584369221,-2.38652081168582,NA,NA,NA
37555927,"The beneficial effects of vortioxetine on BDNF, CREB, S100B, β amyloid, and glutamate NR2b receptors in chronic unpredictable mild stress model of depression","Ünal GÖ, Erkılınç G, Öztürk KH, Doguç DK, Özmen Ö.","Ünal GÖ","Psychopharmacology (Berl)",2023,"rat",NA,42,NA,9,83,"SD given","7",7,7.5,69.5,"SD given","7",7,3,2.2,NA,NA,NA,NA,NA,NA,NA,NA,NA,NA,NA,190,"SD given","7",7,20,220,"SD given","7",7,10.6,1.9,NA,NA,NA,NA,NA,NA,NA,NA,NA,NA,NA,NA,NA,NA,NA,NA,NA,NA,NA,NA,NA,NA,1.87434116772323,-2.36351579147501,NA,NA,NA
37539173,"Establishment of insomnia model of chronic unpredictable stress in rats","Zhang W, Zhang X, Yan D, Wang G, Wang Q, Ren X, Liu T.","Zhang W","Heliyon",2023,"rat",NA,28,NA,15,72.3,"4","10",10,12.6,66.2,"5.5","10",10,17.4,0.4,NA,NA,NA,NA,NA,NA,NA,NA,NA,NA,NA,68.6,"14.5","10",10,45.9,86.1,"14.7","10",10,46.5,0.4,NA,NA,NA,NA,NA,NA,NA,NA,NA,NA,NA,NA,NA,NA,NA,NA,NA,NA,NA,NA,NA,NA,0.378779893126293,-0.401559190312793,NA,NA,NA
37041107,"Low-intensity focused ultrasound ameliorates depression-like behaviors associated with improving the synaptic plasticity in the vCA1-mPFC pathway","Wang F, Cai Q, Ju R, Wang S, Liu L, Pan M, Sun N, Wang X, Wang L, Yang J, Zheng C, Ming D.","Wang F","Cereb Cortex",2023,"rat",NA,63,126,10,92.9,"7.3","8",8,20.6,65.2,"17","9",9,51,0.7,NA,NA,NA,NA,NA,NA,NA,NA,NA,NA,NA,93,"36","8",8,101.8,126,"28","9",9,84,0.4,NA,NA,NA,NA,NA,NA,NA,NA,NA,NA,NA,NA,NA,NA,NA,NA,NA,NA,NA,NA,NA,NA,0.355861006937594,-0.695717597418372,NA,NA,NA
36892979,"Gap junction is essential for the antidepressant effects of fluoxetine","Xia CY, Zhang NN, Jiang H, Lou YX, Ren Q, Zhang XL, Yang PF, Shao QH, Zhu HY, Wan JF, Zhang YN, Li FF, Yan X, Chu SF, Zhang Y, Wang ZZ, Chen NH.","Xia CY","J Pharm Pharmacol",2023,"rat",NA,48,NA,12,82,"3.3","13-39",13,11.9,62,"4.8","13-39",13,17.3,1.4,NA,NA,NA,NA,NA,NA,NA,NA,NA,NA,NA,21.7,"2.9","13-39",13,10.5,33,"3","13-39",13,10.8,1,NA,NA,NA,NA,NA,NA,NA,NA,NA,NA,NA,NA,NA,NA,NA,NA,NA,NA,NA,NA,NA,NA,1.06092763918904,-1.34702279173427,NA,NA,NA
36852042,"Therapeutic treatment with fluoxetine using the chronic unpredictable stress model induces changes in neurotransmitters and circulating miRNAs in extracellular vesicles","Estévez-Cabrera MM, Sánchez-Muñoz F, Pérez-Sánchez G, Pavón L, Hernández-Díazcouder A, Córtes Altamirano JL, Soria-Fregoso C, Alfaro-Rodríguez A, Bonilla-Jaime H.","Estévez-Cabrera MM","Heliyon",2023,"rat",NA,42,55,12,96.7,NA,"6",6,NA,57.4,NA,"6",6,NA,NA,NA,NA,NA,NA,NA,NA,NA,NA,NA,NA,NA,38.5,"1.4","6",6,3.4,42.3,"1.7","6",6,4.2,0.8,NA,NA,NA,NA,NA,NA,NA,NA,NA,NA,NA,NA,NA,NA,NA,NA,NA,NA,NA,NA,NA,NA,0.994505452921405,NA,NA,NA,NA
35838106,"Prophylactic administration of rosmarinic acid ameliorates depression-associated cardiac abnormalities in Wistar rats: Evidence of serotonergic, oxidative, and inflammatory pathways","Verma H, Shivavedi N, Tej GNVC, Kumar M, Nayak PK.","Verma H","J Biochem Mol Toxicol",2022,"rat",NA,40,40,7,72,"SD given","6",6,7,31,"SD given","6",6,3,7.6,NA,NA,NA,NA,NA,NA,NA,NA,NA,NA,NA,91.5,"SD given","6",6,7.8,154,"SD given","6",6,11,6.4,NA,NA,NA,NA,NA,NA,NA,NA,NA,NA,NA,NA,NA,NA,NA,NA,NA,NA,NA,NA,NA,NA,6.55466203313914,-7.61350886525913,NA,NA,NA
35640844,"Antidepressant-like effects of transcorneal electrical stimulation in rat models","Yu WS, Tse AC, Guan L, Chiu JLY, Tan SZK, Khairuddin S, Agadagba SK, Lo ACY, Fung ML, Chan YS, Chan LLH, Lim LW.","Yu WS","Brain Stimul",2022,"rat",NA,21,42,9,97.6,"2","6",6,4.9,49.7,"11.6","7",7,30.7,2.2,NA,NA,NA,NA,NA,NA,NA,NA,NA,NA,NA,111,"11","7",7,29.1,181,"14","7",7,37,2.1,NA,NA,NA,NA,NA,NA,NA,NA,NA,NA,NA,NA,NA,NA,NA,NA,NA,NA,NA,NA,NA,NA,2.10303634761813,-2.09052919844358,NA,NA,NA
35455459,"Peptide LCGA-17 Attenuates Behavioral and Neurochemical Deficits in Rodent Models of PTSD and Depression","Malyshev AV, Sukhanova IA, Ushakova VM, Zorkina YA, Abramova OV, Morozova AY, Zubkov EA, Mitkin NA, Pavshintsev VV, Doronin II, Gedzun VR, Babkin GA, Sanchez SA, Baker MD, Haile CN.","Malyshev AV","Pharmaceuticals (Basel)",2022,"rat",NA,26,52,11,89.9,"4.3","9",9,12.9,56.2,"3.6","56",56,26.9,1.6,NA,NA,NA,NA,NA,NA,NA,NA,NA,NA,NA,58.7,"18","9",9,54,137,"21","10",10,66.4,1.3,NA,NA,NA,NA,NA,NA,NA,NA,NA,NA,NA,NA,NA,NA,NA,NA,NA,NA,NA,NA,NA,NA,1.2861338535828,-1.31892991393353,NA,NA,NA
35308874,"Maternal Deprivation Increased Vulnerability to Depression in Adult Rats Through DRD2 Promoter Methylation in the Ventral Tegmental Area","Guo Z, Li S, Wu J, Zhu X, Zhang Y.","Guo Z","Front Psychiatry",2022,"rat",NA,28,28,7,64.2,"7","10",10,22.1,54.1,"7","10",10,22.1,0.5,NA,NA,NA,NA,NA,NA,NA,NA,NA,NA,NA,111,"13","10",10,41.1,176,"14","10",10,44.3,1.5,NA,NA,NA,NA,NA,NA,NA,NA,NA,NA,NA,NA,NA,NA,NA,NA,NA,NA,NA,NA,NA,NA,1.52118070722614,-0.457013574660634,NA,NA,NA
34982171,"Antidepressant activity of pharmacological and genetic deactivation of the small-conductance calcium-activated potassium channel subtype-3","Nashed MG, Waye S, Hasan SMN, Nguyen D, Wiseman M, Zhang J, Lau H, Dinesh OC, Raymond R, Greig IR, Bambico FR, Nobrega JN.","Nashed MG","Psychopharmacology (Berl)",2022,"rat",NA,35,NA,13,83,"3.3","8",8,9.3,61,"6","8",8,17,1.6,NA,NA,NA,NA,NA,NA,NA,NA,NA,NA,NA,86,"17","8",8,48.1,192,"20","8",8,56.6,2,NA,NA,NA,NA,NA,NA,NA,NA,NA,NA,NA,NA,NA,NA,NA,NA,NA,NA,NA,NA,NA,NA,2.01819292828167,-1.60560418306347,NA,NA,NA
34674723,"MicroRNA-204-5p reduction in rat hippocampus contributes to stress-induced pathology via targeting RGS12 signaling pathway","Lan T, Li Y, Fan C, Wang L, Wang W, Chen S, Yu SY.","Lan T","J Neuroinflammation",2021,"rat",NA,35,35,8,72,"2.3","50",50,16.3,53,"1.5","50",50,10.6,1.4,NA,NA,NA,NA,NA,NA,NA,NA,NA,NA,NA,79,"2","50",50,14.1,108,"2","50",50,14.1,2.1,NA,NA,NA,NA,NA,NA,NA,NA,NA,NA,NA,NA,NA,NA,NA,NA,NA,NA,NA,NA,NA,NA,2.05673758865248,-1.38195524202733,NA,NA,NA
34664178,"Crosstalk Among NLRP3 Inflammasome, ET(B)R Signaling, and miRNAs in Stress-Induced Depression-Like Behavior: a Modulatory Role for SGLT2 Inhibitors","Muhammad RN, Ahmed LA, Abdul Salam RM, Ahmed KA, Attia AS.","Muhammad RN","Neurotherapeutics",2021,"rat",NA,35,35,8,85,"4","10-11",10,12.6,41,"8","10-11",10,25.3,2.2,NA,NA,NA,NA,NA,NA,NA,NA,NA,NA,NA,31,"4","10-11",10,12.6,94,"16","10-11",10,50.6,1.7,NA,NA,NA,NA,NA,NA,NA,NA,NA,NA,NA,NA,NA,NA,NA,NA,NA,NA,NA,NA,NA,NA,1.70860376946699,-2.20158295682992,NA,NA,NA
34488064,"Lactation is not required for maintaining maternal care and active coping responses in chronically stressed postpartum rats: Interactions between nursing demand and chronic variable stress","Medina J, De Guzman RM, Workman JL.","Medina J","Horm Behav",2021,"rat",NA,20,20,9,NA,NA,"11",10,NA,NA,NA,"11",10,NA,NA,NA,NA,NA,NA,NA,NA,NA,NA,NA,NA,NA,487,"28","11",11,92.9,509,"28","10",10,88.5,0.2,NA,NA,NA,NA,NA,NA,NA,NA,NA,NA,NA,NA,NA,NA,NA,NA,NA,NA,NA,NA,NA,NA,0.242177770514373,NA,NA,NA,NA
34220431,"Comparative Proteomic Characterization of Ventral Hippocampus in Susceptible and Resilient Rats Subjected to Chronic Unpredictable Stress","Zhang Y, Zhang X, Liu N, Ren S, Xia C, Yang X, Lou Y, Wang H, Zhang N, Yan X, Zhang Z, Zhang Y, Wang Z, Chen N.","Zhang Y","Front Neurosci",2021,"rat",NA,7,14,13,NA,NA,NA,NA,NA,NA,NA,NA,NA,NA,NA,NA,NA,NA,NA,NA,NA,NA,NA,NA,NA,NA,NA,NA,NA,NA,NA,NA,NA,NA,NA,NA,NA,NA,NA,NA,NA,NA,NA,NA,NA,NA,NA,NA,NA,NA,NA,NA,NA,NA,NA,NA,NA,NA,NA,NA,NA,NA,NA,NA
34166749,"Hair growth predicts a depression-like phenotype in rats as a mirror of stress traceability","Ren SY, Zhang YN, Wang MJ, Wen BR, Xia CY, Li X, Wang HQ, Zhang RP, Zhang Y, Wang ZZ, Chen NH.","Ren SY","Neurochem Int",2021,"rat",NA,19,NA,14,67,"7","9-11",9,21,63,"8","9-11",9,24,0.2,NA,NA,NA,NA,NA,NA,NA,NA,NA,NA,NA,63,"6","9-11",9,18,73,"7","9-11",9,21,0.5,NA,NA,NA,NA,NA,NA,NA,NA,NA,NA,NA,NA,NA,NA,NA,NA,NA,NA,NA,NA,NA,NA,0.511309992564914,-0.177384028063397,NA,NA,NA
33895271,"Chronic unpredictable stress negatively regulates hippocampal neurogenesis and promote anxious depression-like behavior via upregulating apoptosis and inflammatory signals in adult rats","Parul, Mishra A, Singh S, Singh S, Tiwari V, Chaturvedi S, Wahajuddin M, Palit G, Shukla S.","Parul","Brain Res Bull",2021,"rat",NA,28,56,10,91,"2","8",8,5.7,37,"7","8",8,19.8,3.7,NA,NA,NA,NA,NA,NA,NA,NA,NA,NA,NA,128,"35","8",8,99,246,"10","8",8,28.3,1.6,NA,NA,NA,NA,NA,NA,NA,NA,NA,NA,NA,NA,NA,NA,NA,NA,NA,NA,NA,NA,NA,NA,1.62071017319366,-3.70641943792386,NA,NA,NA
33675839,"Diurnal rhythm disruptions induced by chronic unpredictable stress relate to depression-like behaviors in rats","Wang XL, Wang DQ, Jiao FC, Ding KM, Ji YB, Lu L, Yuan K, Gao GF, Li SX.","Wang XL","Pharmacol Biochem Behav",2021,"rat",NA,28,56,12,87,"1.5","36",36,9,51,"4","36",36,24,2,NA,NA,NA,NA,NA,NA,NA,NA,NA,NA,NA,32,"7","36",36,42,60,"7","36",36,42,0.7,NA,NA,NA,NA,NA,NA,NA,NA,NA,NA,NA,NA,NA,NA,NA,NA,NA,NA,NA,NA,NA,NA,0.666666666666667,-1.98625413264568,NA,NA,NA
33186383,"The peroxisome proliferator-activated receptor gamma (PPARγ) agonist, rosiglitazone, ameliorates neurofunctional and neuroinflammatory abnormalities in a rat model of Gulf War Illness","Keledjian K, Tsymbalyuk O, Semick S, Moyer M, Negoita S, Kim K, Ivanova S, Gerzanich V, Simard JM.","Keledjian K","PLoS One",2020,"rat",NA,33,104,11,88,"9","14",14,33.7,63,"11","38",38,67.8,0.5,NA,NA,NA,NA,NA,NA,NA,NA,NA,NA,NA,174,"12","14",14,44.9,177,"6","36",36,36,0.1,"35","10","14",14,37.4,"19","4","36",36,24,0.5,NA,NA,NA,NA,NA,NA,NA,NA,NA,NA,NA,0.0776930263236675,-0.411167471150884,NA,NA,-0.566099241425341
33112507,"Low-intensity pulsed ultrasound ameliorates depression-like behaviors in a rat model of chronic unpredictable stress","Zhang J, Zhou H, Yang J, Jia J, Niu L, Sun Z, Shi D, Meng L, Qiu W, Wang X, Zheng H, Wang G.","Zhang J","CNS Neurosci Ther",2021,"rat",NA,42,NA,14,83,"3","8",8,8.5,70,"2","8",8,5.7,1.8,NA,NA,NA,NA,NA,NA,NA,NA,NA,NA,NA,82,"SD given","8",8,33,134,"SD given","8",8,32,1.6,NA,NA,NA,NA,NA,NA,NA,NA,NA,NA,NA,NA,NA,NA,NA,NA,NA,NA,NA,NA,NA,NA,1.59981068449321,-1.79639594208859,NA,NA,NA
32629607,"Antidepressant Effects of (S)-Ketamine through a Reduction of Hyperpolarization-Activated Current I(h)","Kim CS, Johnston D.","Kim CS","iScience",2020,"rat",NA,NA,NA,NA,95,"1","15",15,3.9,80,"3","12",12,10.4,2,NA,NA,NA,NA,NA,NA,NA,NA,NA,NA,NA,112,"12","7",7,31.7,153,"28","6",6,68.6,0.8,NA,NA,NA,NA,NA,NA,NA,NA,NA,NA,NA,NA,NA,NA,NA,NA,NA,NA,NA,NA,NA,NA,0.790923176814269,-2.00252923413641,NA,NA,NA
32621862,"RAGE Signaling pathway in hippocampus dentate gyrus involved in GLT-1 decrease induced by chronic unpredictable stress in rats","Yang F, Wang H, Chen H, Ran D, Tang Q, Weng P, Sun Y, Jiang W.","Yang F","Brain Res Bull",2020,"rat",NA,35,35,7,79,"6","6",6,14.7,64,"6","6",6,14.7,1,NA,NA,NA,NA,NA,NA,NA,NA,NA,NA,NA,81,"10","6",6,24.5,120,"10","6",6,24.5,1.6,NA,NA,NA,NA,NA,NA,NA,NA,NA,NA,NA,NA,NA,NA,NA,NA,NA,NA,NA,NA,NA,NA,1.59183673469388,-1.02040816326531,NA,NA,NA
31375779,"Systemic immunization with altered myelin basic protein peptide produces sustained antidepressant-like effects","Han Y, Sun CY, Meng SQ, Tabarak S, Yuan K, Cao L, Yan W, Xu LZ, Deng JH, Zhu WL, Li JL, Lu L, Xue YX, Shi J.","Han Y","Mol Psychiatry",2020,"rat",NA,28,28,12,89,"4","8-10",8,11.3,69,"10","8-10",8,28.3,0.9,NA,NA,NA,NA,NA,NA,NA,NA,NA,NA,NA,22,"4","8-10",8,11.3,37,"7","8-10",8,19.8,0.9,NA,NA,NA,NA,NA,NA,NA,NA,NA,NA,NA,NA,NA,NA,NA,NA,NA,NA,NA,NA,NA,NA,0.930502113449266,-0.928186677855887,NA,NA,NA
31229467,"Repetitive high-frequency transcranial magnetic stimulation reverses depressive-like behaviors and protein expression at hippocampal synapses in chronic unpredictable stress-treated rats by enhancing endocannabinoid signaling","Xue SS, Xue F, Ma QR, Wang SQ, Wang Y, Tan QR, Wang HN, Zhou CH, Peng ZW.","Xue SS","Pharmacol Biochem Behav",2019,"rat",NA,28,NA,11,76,"SD given","12",12,12,34,"SD given","12",12,6,4.4,NA,NA,NA,NA,NA,NA,NA,NA,NA,NA,NA,77,"SD given","12",12,22,167,"SD given","12",12,22,4.1,NA,NA,NA,NA,NA,NA,NA,NA,NA,NA,NA,NA,NA,NA,NA,NA,NA,NA,NA,NA,NA,NA,4.09090909090909,-4.42718872423573,NA,NA,NA
31108115,"The effect of depressive-like behavior and antidepressant therapy on social behavior and hierarchy in rats","Boyko M, Kutz R, Grinshpun J, Zvenigorodsky V, Gruenbaum BF, Gruenbaum SE, Frenkel A, Brotfain E, Israel Melamed, Frank D, Zeldetz V, Zlotnik A.","Boyko M","Behav Brain Res",2019,"rat",NA,35,70,7,85,"SD given","30",30,3,68,"SD given","30",30,3,5.7,NA,NA,NA,NA,NA,NA,NA,NA,NA,NA,NA,175,"SD given","30",30,37,191,"SD given","30",30,31,0.5,"99","8","30",30,43.8,"191","SD given","30",30,31,0.5,NA,NA,NA,NA,NA,NA,NA,NA,NA,NA,NA,0.468766988247238,-5.66666666666667,NA,NA,2.42464861398232
30654121,"The effects of glucocorticoids on depressive and anxiety-like behaviors, mineralocorticoid receptor-dependent cell proliferation regulates anxiety-like behaviors","Chen J, Wang ZZ, Zhang S, Chu SF, Mou Z, Chen NH.","Chen J","Behav Brain Res",2019,"rat",NA,35,NA,12,93,"1","6",6,2.4,73,"2","6",6,4.9,5.2,NA,NA,NA,NA,NA,NA,NA,NA,NA,NA,NA,23,"2","6",6,4.9,58,"7","6",6,17.1,2.8,NA,NA,NA,NA,NA,NA,NA,NA,NA,NA,NA,NA,NA,NA,NA,NA,NA,NA,NA,NA,NA,NA,2.78260191118296,-5.18388759794704,NA,NA,NA
30179639,"Effects of different patterns of electric stimulation of the ventromedial prefrontal cortex on hippocampal-prefrontal coherence in a rat model of depression","Jia L, Sun Z, Shi D, Wang M, Jia J, He Y, Xue F, Ren Y, Yang J, Ma X.","Jia L","Behav Brain Res",2019,"rat",NA,49,98,13,85,"2","10-12",10,6.3,68,"2","10-12",10,6.3,2.8,NA,NA,NA,NA,NA,NA,NA,NA,NA,NA,NA,64,"5","10-12",10,15.8,110,"6","10-12",10,19,2.6,NA,NA,NA,NA,NA,NA,NA,NA,NA,NA,NA,NA,NA,NA,NA,NA,NA,NA,NA,NA,NA,NA,2.63257167868048,-2.6984126984127,NA,NA,NA
30524234,"Hypidone Hydrochloride (YL-0919) Produces a Fast-Onset Reversal of the Behavioral and Synaptic Deficits Caused by Chronic Stress Exposure","Ran Y, Jin Z, Chen X, Zhao N, Fang X, Zhang L, Zhang Y, Li Y.","Ran Y","Front Cell Neurosci",2018,"rat",NA,21,42,10,82,"3","8",8,8.5,48,"14","8",8,39.6,1.2,NA,NA,NA,NA,NA,NA,NA,NA,NA,NA,NA,98,"17","8",8,48.1,190,"5","8",8,14.1,2.6,NA,NA,NA,NA,NA,NA,NA,NA,NA,NA,NA,NA,NA,NA,NA,NA,NA,NA,NA,NA,NA,NA,2.59571319147573,-1.18718311419272,NA,NA,NA
37879231,"Chronic stress predisposes to the aggravation of inflammation in autoimmune diseases with focus on rheumatoid arthritis and psoriasis","Chaudhary R, Prasad A, Agarwal V, Rehman M, Kumar A, Kaushik AS, Srivastava S, Srivastava S, Mishra V.","Chaudhary R","Int Immunopharmacol",2023,"rat",NA,56,56,7,NA,NA,NA,NA,NA,NA,NA,NA,NA,NA,NA,NA,NA,NA,NA,NA,NA,NA,NA,NA,NA,NA,NA,NA,NA,NA,NA,NA,NA,NA,NA,NA,NA,"66","15","6",6,36.7,"21","not visible","6",6,NA,NA,"81","19","6",6,46.5,"4","0.5","6",6,1.2,2.3,NA,NA,NA,-2.34103660273398,NA
37521489,"Efficacy and Anti-Inflammatory Activity of Ashwagandha Sustained-Release Formulation on Depression and Anxiety Induced by Chronic Unpredictable Stress: in vivo and in vitro Studies","KrishnaRaju AV, Somepalli V, Thanawala S, Shah R.","KrishnaRaju AV","J Exp Pharmacol",2023,"rat",NA,35,42,11,NA,NA,NA,NA,NA,NA,NA,NA,NA,NA,NA,NA,NA,NA,NA,NA,NA,NA,NA,NA,NA,NA,NA,NA,NA,NA,NA,NA,NA,NA,NA,NA,NA,NA,NA,NA,NA,NA,NA,NA,NA,NA,NA,NA,"2.7","3","7",7,7.9,"46","45","7",7,119.1,0.5,NA,NA,NA,0.513024172938196,NA
35898162,"A behavioral and molecular study; ameliorated anxiety-like behavior and cognitive dysfunction in a rat model of chronic unpredictable stress treated with oregano extract","Mohseni-Moghaddam P, Dogani M, Hatami M, Roohollahi S, Amiresmaeli A, Askari N.","Mohseni-Moghaddam P","Brain Behav",2022,"rat",NA,24,48,12,NA,NA,NA,NA,NA,NA,NA,NA,NA,NA,NA,NA,NA,NA,NA,NA,NA,NA,NA,NA,NA,NA,NA,NA,NA,NA,NA,NA,NA,NA,NA,NA,NA,"59","4","8",8,11.3,"35","2","8",8,5.7,2.7,"36","2","8",8,5.7,"22","3","8",8,8.5,1.9,NA,NA,NA,-1.93458024532617,-2.68177349943278
35842198,"Investigating the role of environmental enrichment initiated in adolescence against the detrimental effects of chronic unpredictable stress in adulthood: Sex-specific differences in behavioral and neuroendocrinological findings","Dandi E, Spandou E, Tata DA.","Dandi E","Behav Processes",2022,"rat","males",28,56,10,NA,NA,NA,NA,NA,NA,NA,NA,NA,NA,NA,NA,NA,NA,NA,NA,NA,NA,NA,NA,NA,NA,NA,NA,NA,NA,NA,NA,NA,NA,NA,NA,NA,"14","4","8",8,11.3,"5","1.2","8",8,3.4,1.1,"19","4","8",8,11.3,"10","3","8",8,8.5,0.9,NA,NA,NA,-0.900135030382596,-1.07859873188156
35842198,"Investigating the role of environmental enrichment initiated in adolescence against the detrimental effects of chronic unpredictable stress in adulthood: Sex-specific differences in behavioral and neuroendocrinological findings","Dandi E, Spandou E, Tata DA.","Dandi E","Behav Processes",2022,"rat","females",28,56,10,NA,NA,NA,NA,NA,NA,NA,NA,NA,NA,NA,NA,NA,NA,NA,NA,NA,NA,NA,NA,NA,NA,NA,NA,NA,NA,NA,NA,NA,NA,NA,NA,NA,"8","1","8",8,2.8,"11","2.6","8",8,7.4,0.5,"35","5","8",8,14.1,"16","3.5","8",8,9.9,1.6,NA,NA,NA,-1.55963157299653,0.536227504052372
35741632,"Occlusal Disharmony-A Potential Factor Promoting Depression in a Rat Model","Zhang S, Wu L, Zhang M, He K, Wang X, Lin Y, Li S, Chen J.","Zhang S","Brain Sci",2022,"rat",NA,NA,NA,NA,NA,NA,NA,NA,NA,NA,NA,NA,NA,NA,NA,NA,NA,NA,NA,NA,NA,NA,NA,NA,NA,NA,NA,NA,NA,NA,NA,NA,NA,NA,NA,NA,NA,NA,NA,NA,NA,NA,NA,NA,NA,NA,NA,NA,"1.9","1.3","6",6,3.2,"1.2","1","6",6,2.4,0.2,NA,NA,NA,-0.247487373415292,NA
34481787,"Beneficial effects of Dendrobium nobile Lindl. Alkaloids (DNLA) on anxiety and depression induced by chronic unpredictable stress in rats","Xiong TW, Liu B, Wu Q, Xu YY, Liu P, Wang Y, Liu J, Shi JS.","Xiong TW","Brain Res",2021,"rat",NA,42,42,12,NA,NA,NA,NA,NA,NA,NA,NA,NA,NA,NA,NA,NA,NA,NA,NA,NA,NA,NA,NA,NA,NA,NA,NA,NA,NA,NA,NA,NA,NA,NA,NA,NA,"3.1","0.5","5-8",5,1.1,"2","0.4","5-8",5,0.9,1.1,"17","3","5-8",5,6.7,"12","2","5-8",5,4.5,0.9,NA,NA,NA,-0.876115018322399,-1.09454090923099
34213722,"Norepinephrine and Glucocorticoids Modulate Chronic Unpredictable Stress-Induced Increase in the Type 2 CRF and Glucocorticoid Receptors in Brain Structures Related to the HPA Axis Activation","Malta MB, Martins J, Novaes LS, Dos Santos NB, Sita L, Camarini R, Scavone C, Bittencourt J, Munhoz CD.","Malta MB","Mol Neurobiol",2021,"rat",NA,14,16,6,NA,NA,NA,NA,NA,NA,NA,NA,NA,NA,NA,NA,NA,NA,NA,NA,NA,NA,NA,NA,NA,NA,NA,NA,NA,NA,NA,NA,NA,NA,NA,NA,NA,"20","7","8",8,19.8,"15","6","8",8,17,0.3,"3.7","0.8","5",7,2.1,"5","1","5",7,2.6,0.6,NA,NA,NA,0.550087483886317,-0.270955949828247
34039946,"Acupuncture Can Play an Antidepressant Role by Regulating the Intestinal Microbes and Neurotransmitters in a Rat Model of Depression","Li P, Huang W, Yan YN, Cheng W, Liu S, Huang Y, Chen W, Chen YP, Gao Y, Lu W, Xu Y, Meng X.","Li P","Med Sci Monit",2021,"rat",NA,42,NA,9,NA,NA,NA,NA,NA,NA,NA,NA,NA,NA,NA,NA,NA,NA,NA,NA,NA,NA,NA,NA,NA,NA,NA,NA,NA,NA,NA,NA,NA,NA,NA,NA,NA,NA,NA,NA,NA,NA,NA,NA,NA,NA,NA,NA,"54","9","8",8,25.5,"1.5","0.5","8",8,1.4,3,NA,NA,NA,-2.90723791955152,NA
33654382,"The Volatile Oil of Zanthoxylum bungeanum Pericarp Improved the Hypothalamic-Pituitary-Adrenal Axis and Gut Microbiota to Attenuate Chronic Unpredictable Stress-Induced Anxiety Behavior in Rats","Wei D, Zhao Y, Zhang M, Zhu L, Wang L, Yuan X, Wu C.","Wei D","Drug Des Devel Ther",2021,"rat",NA,14,16,9,NA,NA,NA,NA,NA,NA,NA,NA,NA,NA,NA,NA,NA,NA,NA,NA,NA,NA,NA,NA,NA,NA,NA,NA,NA,NA,NA,NA,NA,NA,NA,NA,NA,"33","SD given","10",10,6,"17","SD given","10",10,4,3.1,"21","SD given","10",10,5,"16","SD given","10",10,3,1.2,NA,NA,NA,-1.21267812518166,-3.13785816221094
33607579,"The effectiveness of continuous and interval exercise preconditioning against chronic unpredictable stress: Involvement of hippocampal PGC-1α/FNDC5/BDNF pathway","Babaei A, Nourshahi M, Fani M, Entezari Z, Jameie SB, Haghparast A.","Babaei A","J Psychiatr Res",2021,"rat",NA,21,21,8,NA,NA,NA,NA,NA,NA,NA,NA,NA,NA,NA,NA,NA,NA,NA,NA,NA,NA,NA,NA,NA,NA,NA,NA,NA,NA,NA,NA,NA,NA,NA,NA,NA,NA,NA,NA,NA,NA,NA,NA,NA,NA,NA,NA,"33","5","7",7,13.2,"21","3","7",7,7.9,1.1,NA,NA,NA,-1.10317138821148,NA
33344727,"Infralimbic cortical glutamate output is necessary for the neural and behavioral consequences of chronic stress","Pace SA, Christensen C, Schackmuth MK, Wallace T, McKlveen JM, Beischel W, Morano R, Scheimann JR, Wilson SP, Herman JP, Myers B.","Pace SA","Neurobiol Stress",2020,"rat",NA,14,28,7,NA,NA,NA,NA,NA,NA,NA,NA,NA,NA,NA,NA,NA,NA,NA,NA,NA,NA,NA,NA,NA,NA,NA,NA,NA,NA,NA,NA,NA,NA,NA,NA,NA,"10","2","11-14",11,6.6,"3","0.8","11-14",11,2.7,1.4,"29","9","8-12",8,25.5,"50","8","8-12",8,22.6,0.9,NA,NA,NA,0.87159817526587,-1.3882496070537
33321142,"A model of negative emotional contagion between male-female rat dyads: Effects of voluntary exercise on stress-induced behavior and BDNF-TrkB signaling","Meade GM, Charron LS, Kilburn LW, Pei Z, Wang HY, Robinson S.","Meade GM","Physiol Behav",2021,"rat",NA,42,40,6,NA,NA,NA,NA,NA,NA,NA,NA,NA,NA,NA,NA,NA,NA,NA,NA,NA,NA,NA,NA,NA,NA,NA,NA,NA,NA,NA,NA,NA,NA,NA,NA,NA,NA,NA,NA,NA,NA,NA,NA,NA,NA,NA,NA,"57","17","16",16,68,"14","6","16",16,24,0.8,NA,NA,NA,-0.843299381094191,NA
33230530,"DNA Methyltransferase 3A Is Involved in the Sustained Effects of Chronic Stress on Synaptic Functions and Behaviors","Wei J, Cheng J, Waddell NJ, Wang ZJ, Pang X, Cao Q, Liu A, Chitaman JM, Abreu K, Jasrotia RS, Duffney LJ, Zhang J, Dietz DM, Feng J, Yan Z.","Wei J","Cereb Cortex",2021,"rat",NA,14,28,6,NA,NA,NA,NA,NA,NA,NA,NA,NA,NA,NA,NA,NA,NA,NA,NA,NA,NA,NA,NA,NA,NA,NA,NA,NA,NA,NA,NA,NA,NA,NA,NA,NA,"21","3","10",10,9.5,"21","3","10",10,9.5,0,"17","3","10",10,9.5,"14","3","10",10,9.5,0.3,NA,NA,NA,-0.315789473684211,0
33007392,"Raw and wine processed Schisandra chinensis attenuate anxiety like behavior via modulating gut microbiota and lipid metabolism pathway","Song Y, Shan B, Zeng S, Zhang J, Jin C, Liao Z, Wang T, Zeng Q, He H, Wei F, Ai Z, Su D.","Song Y","J Ethnopharmacol",2021,"rat",NA,30,30,11,NA,NA,NA,NA,NA,NA,NA,NA,NA,NA,NA,NA,NA,NA,NA,NA,NA,NA,NA,NA,NA,NA,NA,NA,NA,NA,NA,NA,NA,NA,NA,NA,NA,"8","1","6",6,2.4,"3.7","0.7","6",6,1.7,2.1,"60","6","6",6,14.7,"32","5.5","6",6,13.5,2,NA,NA,NA,-1.98402010915797,-2.06764225838768
32734320,"Chronic stress inhibits hypothalamus-pituitary-thyroid axis and brown adipose tissue responses to acute cold exposure in male rats","Castillo-Campos A, Gutiérrez-Mata A, Charli JL, Joseph-Bravo P.","Castillo-Campos A","J Endocrinol Invest",2021,"rat",NA,15,30,12,NA,NA,NA,NA,NA,NA,NA,NA,NA,NA,NA,NA,NA,NA,NA,NA,NA,NA,NA,NA,NA,NA,NA,NA,NA,NA,NA,NA,NA,NA,NA,NA,NA,"12","1","5",5,2.2,"2","1","5",5,2.2,0.5,"18","6","5",5,13.4,"10","3.2","5",5,7.2,0.8,NA,NA,NA,-0.743743712886422,-4.54545454545454
32579979,"Effect of 5-HT(2C) receptor agonist and antagonist on chronic unpredictable stress (CUS) - Mediated anxiety and depression in adolescent Wistar albino rat: Implicating serotonin and mitochondrial ETC-I function in serotonergic neurotransmission","Wankhar W, Syiem D, Pakyntein CL, Thabah D, Sunn SE.","Wankhar W","Behav Brain Res",2020,"rat",NA,7,14,9,NA,NA,NA,NA,NA,NA,NA,NA,NA,NA,NA,NA,NA,NA,NA,NA,NA,NA,NA,NA,NA,NA,NA,NA,NA,NA,NA,NA,NA,NA,NA,NA,NA,"2.5","SD given","6",6,0.5,"1.6","SD given","6",6,0.8,1.3,"46","SD given","6",6,9,"52","SD given","6",6,8,0.7,NA,NA,NA,0.704664263417644,-1.34915704019255
31881185,"Amygdalar corticotropin-releasing factor mediates stress-induced anxiety","Ventura-Silva AP, Borges S, Sousa N, Rodrigues AJ, Pêgo JM.","Ventura-Silva AP","Brain Res",2020,"rat",NA,28,28,5,NA,NA,NA,NA,NA,NA,NA,NA,NA,NA,NA,NA,NA,NA,NA,NA,NA,NA,NA,NA,NA,NA,NA,NA,NA,NA,NA,NA,NA,NA,NA,NA,NA,NA,NA,NA,NA,NA,NA,NA,NA,NA,NA,NA,"34","4","11",11,13.3,"3","0.7","10",10,2.2,3.3,NA,NA,NA,-3.1739806805691,NA
31758000,"Behavioural characterisation of chronic unpredictable stress based on ethologically relevant paradigms in rats","Sequeira-Cordero A, Salas-Bastos A, Fornaguera J, Brenes JC.","Sequeira-Cordero A","Sci Rep",2019,"rat",NA,30,30,6,NA,NA,NA,NA,NA,NA,NA,NA,NA,NA,NA,NA,NA,NA,NA,NA,NA,NA,NA,NA,NA,NA,NA,NA,NA,NA,NA,NA,NA,NA,NA,NA,NA,"108","25","10",10,79.1,"132","33","10",10,104.4,0.3,NA,NA,NA,NA,NA,NA,NA,NA,NA,NA,NA,NA,NA,NA,NA,0.259129029820359
30880220,"Social isolation and social support at adulthood affect epigenetic mechanisms, brain-derived neurotrophic factor levels and behavior of chronically stressed rats","Viana Borges J, Souza de Freitas B, Antoniazzi V, de Souza Dos Santos C, Vedovelli K, Naziaseno Pires V, Paludo L, Martins de Lima MN, Bromberg E.","Viana Borges J","Behav Brain Res",2019,"rat",NA,14,14,7,NA,NA,NA,NA,NA,NA,NA,NA,NA,NA,NA,NA,NA,NA,NA,NA,NA,NA,NA,NA,NA,NA,NA,NA,NA,NA,NA,NA,NA,NA,NA,NA,NA,NA,NA,NA,NA,NA,NA,NA,NA,NA,NA,NA,"14","SD given","10-12",10,4,"4.5","SD given","10-12",10,1.4,3.2,NA,NA,NA,-3.1701910602635,NA
30367959,"Role of corticosterone in anxiety- and depressive-like behavior and HPA regulation following prenatal alcohol exposure","Lam VYY, Raineki C, Wang LY, Chiu M, Lee G, Ellis L, Yu W, Weinberg J.","Lam VYY","Prog Neuropsychopharmacol Biol Psychiatry",2019,"rat","males",10,20,8,NA,NA,NA,NA,NA,NA,NA,NA,NA,NA,NA,NA,NA,NA,NA,NA,NA,NA,NA,NA,NA,NA,NA,NA,NA,NA,NA,NA,NA,NA,NA,NA,NA,"7.7","3.6","9-11",9,10.8,"3.8","1.2","9-11",9,3.6,0.5,"4.5","2.3","9-11",9,6.9,"5","2.9","9-11",9,8.7,0.06,NA,NA,NA,0.0636800599917392,-0.484481395124954
30367959,"Role of corticosterone in anxiety- and depressive-like behavior and HPA regulation following prenatal alcohol exposure","Lam VYY, Raineki C, Wang LY, Chiu M, Lee G, Ellis L, Yu W, Weinberg J.","Lam VYY","Prog Neuropsychopharmacol Biol Psychiatry",2019,"rat","females",10,20,8,NA,NA,NA,NA,NA,NA,NA,NA,NA,NA,NA,NA,NA,NA,NA,NA,NA,NA,NA,NA,NA,NA,NA,NA,NA,NA,NA,NA,NA,NA,NA,NA,NA,"5.8","2.2","9-11",9,6.6,"3.4","1.3","9-11",9,3.9,0.4,"3.3","1.5","9-11",9,4.5,"4.2","1.7","9-11",9,5.1,0.2,NA,NA,NA,0.187134858465542,-0.442739626329988
29990678,"Interactive effects of prenatal alcohol exposure and chronic stress in adulthood on anxiety-like behavior and central stress-related receptor mRNA expression: Sex- and time-dependent effects","Lam VYY, Raineki C, Ellis L, Yu W, Weinberg J.","Lam VYY","Psychoneuroendocrinology",2018,"rat","males",10,20,8,NA,NA,NA,NA,NA,NA,NA,NA,NA,NA,NA,NA,NA,NA,NA,NA,NA,NA,NA,NA,NA,NA,NA,NA,NA,NA,NA,NA,NA,NA,NA,NA,NA,"13","7","8",8,19.8,"5","1.6","8",8,4.5,0.6,NA,NA,NA,NA,NA,NA,NA,NA,NA,NA,NA,NA,NA,NA,NA,-0.557190347384198
29990678,"Interactive effects of prenatal alcohol exposure and chronic stress in adulthood on anxiety-like behavior and central stress-related receptor mRNA expression: Sex- and time-dependent effects","Lam VYY, Raineki C, Ellis L, Yu W, Weinberg J.","Lam VYY","Psychoneuroendocrinology",2018,"rat","females",10,20,8,NA,NA,NA,NA,NA,NA,NA,NA,NA,NA,NA,NA,NA,NA,NA,NA,NA,NA,NA,NA,NA,NA,NA,NA,NA,NA,NA,NA,NA,NA,NA,NA,NA,"9.8","2.4","8",8,6.8,"4.6","1.3","8",8,3.7,1,NA,NA,NA,NA,NA,NA,NA,NA,NA,NA,NA,NA,NA,NA,NA,-0.949940059759909
